"","SA","ID","YR","YR.1","CPNM","GNAM","HERD","OWNER","GZNBhd","GZDd","GZSLkg.ha","GZSDkg.ha","HAYkg.ha","HAYd","WTGkg.hd.d","WSAha","PSTLkg.ha","PSTDkg.ha","PSTTkg.ha","POP","PEAK_Time","Treatment"
"1",1,1,2014,7,"WSPG","STEERS",1,1,20,142,139.04,5.78,0,0,1.171,133.06,71.859,20.807,75.444,21.76,20140823,"TRM"
"2",1,1,2014,7,"CSPG","STEERS",1,1,20,142,12.78,3.44,0,0,1.171,133.06,21.255,14.255,22.354,0.45,20140723,"TRM"
"3",1,1,2014,7,"VUOC","STEERS",1,1,20,142,23.37,0.64,0,0,1.171,133.06,48.323,4.406,49.311,2.9,20140721,"TRM"
"4",1,1,2014,7,"FRB3","STEERS",1,1,20,142,20.37,2.91,0,0,1.171,133.06,61.733,38.541,66.825,0.82,20140918,"TRM"
"5",1,1,2014,7,"ATCA","STEERS",1,1,20,142,3.99,0,0,0,1.171,133.06,313.672,0,313.672,54.17,20140930,"TRM"
"6",2,2,2014,7,"WSPG","STEERS",2,1,20,142,170.89,6.86,0,0,1.163,125.35,463.369,251.539,473.23,26.5,20140803,"TRM"
"7",2,2,2014,7,"CSPG","STEERS",2,1,20,142,26.64,6.42,0,0,1.163,125.35,176.826,135.254,188.283,0.8,20140728,"TRM"
"8",2,2,2014,7,"VUOC","STEERS",2,1,20,142,11.8,1.45,0,0,1.163,125.35,108.605,40.436,117.178,3.4,20140726,"TRM"
"9",2,2,2014,7,"FRB3","STEERS",2,1,20,142,10.08,1.42,0,0,1.163,125.35,156.552,119.654,167.535,0.4,20140910,"TRM"
"10",2,2,2014,7,"ATCA","STEERS",2,1,20,142,1.25,0,0,0,1.163,125.35,271.98,0,271.98,25,20140804,"TRM"
"11",3,3,2014,7,"WSPG","STEERS",3,1,20,142,150.39,5.47,0,0,1.146,126.08,349.152,175.402,357.744,17.95,20140803,"TRM"
"12",3,3,2014,7,"CSPG","STEERS",3,1,20,142,29.64,6.9,0,0,1.146,126.08,176.025,134.908,188.654,0.85,20140728,"TRM"
"13",3,3,2014,7,"VUOC","STEERS",3,1,20,142,17.04,2.23,0,0,1.146,126.08,154.535,67.28,168.78,4.88,20140725,"TRM"
"14",3,3,2014,7,"FRB3","STEERS",3,1,20,142,20.25,2.86,0,0,1.146,126.08,285.063,223.309,307.244,1.02,20140910,"TRM"
"15",4,4,2014,7,"WSPG","STEERS",4,1,20,142,187.79,8.92,0,0,1.176,127.63,440.44,220.851,450.658,27.01,20140803,"TRM"
"16",4,4,2014,7,"CSPG","STEERS",4,1,20,142,18.14,4.51,0,0,1.176,127.63,98.587,69.786,104.263,0.45,20140727,"TRM"
"17",4,4,2014,7,"VUOC","STEERS",4,1,20,142,6.42,0.47,0,0,1.176,127.63,43.632,9.874,45.588,0.88,20140728,"TRM"
"18",4,4,2014,7,"FRB3","STEERS",4,1,20,142,6.21,1.08,0,0,1.176,127.63,83.391,60.729,88.253,0.2,20140910,"TRM"
"19",5,5,2014,7,"WSPG","STEERS",5,1,24,142,160.56,6.15,0,0,1.214,145.69,361.768,241.759,402.542,18.6,20140830,"TRM"
"20",5,5,2014,7,"CSPG","STEERS",5,1,24,142,40.25,11.07,0,0,1.214,145.69,305.396,242.626,326.694,1.55,20140727,"TRM"
"21",5,5,2014,7,"VUOC","STEERS",5,1,24,142,3.27,0.19,0,0,1.214,145.69,28.26,6.225,29.182,0.5,20140730,"TRM"
"22",5,5,2014,7,"FRB3","STEERS",5,1,24,142,16.65,2.16,0,0,1.214,145.69,224.914,174.224,239.63,0.85,20140910,"TRM"
"23",5,5,2014,7,"ATCA","STEERS",5,1,24,142,4.25,0,0,0,1.214,145.69,1091.021,0,1091.021,570.83,20140930,"TRM"
"24",6,6,2014,7,"WSPG","STEERS",6,1,24,142,96.55,3.05,0,0,1.039,129.19,285.445,155.352,293.086,11.35,20140804,"TRM"
"25",6,6,2014,7,"CSPG","STEERS",6,1,24,142,107.34,39.6,0,0,1.039,129.19,1334.482,1117.147,1500.29,6.62,20140728,"TRM"
"26",6,6,2014,7,"VUOC","STEERS",6,1,24,142,0.87,0,0,0,1.039,129.19,12.788,1.224,13.419,0.1,20140806,"TRM"
"27",6,6,2014,7,"FRB3","STEERS",6,1,24,142,22.63,1.08,0,0,1.039,129.19,176.168,143.428,191.524,0.75,20140918,"TRM"
"28",6,6,2014,7,"ATCA","STEERS",6,1,24,142,3,0,0,0,1.039,129.19,1093.705,0,1093.705,583.33,20140930,"TRM"
"29",7,7,2014,7,"WSPG","STEERS",7,1,20,142,125.75,4.71,0,0,1.111,128.67,388.847,223.76,399,19.26,20140804,"TRM"
"30",7,7,2014,7,"CSPG","STEERS",7,1,20,142,59.5,21.39,0,0,1.111,128.67,648.092,541.772,718.71,3.05,20140728,"TRM"
"31",7,7,2014,7,"VUOC","STEERS",7,1,20,142,2.78,0.21,0,0,1.111,128.67,35.111,9.345,36.76,0.7,20140728,"TRM"
"32",7,7,2014,7,"FRB3","STEERS",7,1,20,142,14.33,1.34,0,0,1.111,128.67,184.856,144.881,197.584,0.63,20140910,"TRM"
"33",7,7,2014,7,"ATCA","STEERS",7,1,20,142,3.09,0,0,0,1.111,128.67,987.728,0,987.728,356.94,20140930,"TRM"
"34",8,8,2014,7,"WSPG","STEERS",8,1,22,142,145.05,5.83,0,0,1.116,126.23,389.815,213.074,400.489,19.38,20140803,"TRM"
"35",8,8,2014,7,"CSPG","STEERS",8,1,22,142,66.16,23.19,0,0,1.116,126.23,657.187,531.135,712.788,2.8,20140728,"TRM"
"36",8,8,2014,7,"VUOC","STEERS",8,1,22,142,1.55,0,0,0,1.116,126.23,16.229,1.822,16.888,0.17,20140804,"TRM"
"37",8,8,2014,7,"FRB3","STEERS",8,1,22,142,13.74,1.2,0,0,1.116,126.23,137.488,103.636,145.413,0.4,20140910,"TRM"
"38",8,8,2014,7,"ATCA","STEERS",8,1,22,142,4.64,0,0,0,1.116,126.23,1271.153,0,1271.153,1116.67,20140930,"TRM"
"39",9,9,2014,7,"WSPG","STEERS",9,1,21.99,142,111.91,3.83,0,0,1.083,128.63,313.823,175.747,322.132,16.85,20140804,"TRM"
"40",9,9,2014,7,"CSPG","STEERS",9,1,21.99,142,85.49,28.67,0,0,1.083,128.63,819.535,684.279,916.913,4.13,20140728,"TRM"
"41",9,9,2014,7,"VUOC","STEERS",9,1,21.99,142,3.65,0.34,0,0,1.083,128.63,44.657,14.856,47.17,1.07,20140728,"TRM"
"42",9,9,2014,7,"FRB3","STEERS",9,1,21.99,142,17.02,0.97,0,0,1.083,128.63,129.423,98.222,137.82,0.57,20140907,"TRM"
"43",9,9,2014,7,"ATCA","STEERS",9,1,21.99,142,0.56,0,0,0,1.083,128.63,127.677,0,127.677,5.56,20140101,"TRM"
"44",10,10,2014,7,"WSPG","STEERS",10,1,22,142,73.55,2.11,0,0,0.96,129.46,208.249,118.258,213.809,13.14,20140806,"TRM"
"45",10,10,2014,7,"CSPG","STEERS",10,1,22,142,114.66,36.73,0,0,0.96,129.46,1199.76,1016.193,1359.274,8.47,20140728,"TRM"
"46",10,10,2014,7,"VUOC","STEERS",10,1,22,142,2,0.13,0,0,0.96,129.46,28.247,6.948,29.391,0.52,20140728,"TRM"
"47",10,10,2014,7,"FRB3","STEERS",10,1,22,142,10.02,0.07,0,0,0.96,129.46,10.087,5.68,11.049,0.1,20140619,"TRM"
"48",10,10,2014,7,"ATCA","STEERS",10,1,22,142,0.76,0,0,0,0.96,129.46,228.715,0,228.715,27.78,20140306,"TRM"
"49",13,13,2014,7,"WSPG","STEERS",11,2,214.16,24,114.38,52.89,0,0,1.052,133.42,567.439,209.757,586.855,16.35,20140809,"CARM"
"50",13,13,2014,7,"CSPG","STEERS",11,2,214.16,24,15.61,43.04,0,0,1.052,133.42,333.471,309.604,368.625,1.2,20140723,"CARM"
"51",13,13,2014,7,"VUOC","STEERS",11,2,214.16,24,88.11,3.01,0,0,1.052,133.42,274.643,87.898,301.373,6.1,20140729,"CARM"
"52",13,13,2014,7,"FRB3","STEERS",11,2,214.16,24,78.1,58.3,0,0,1.052,133.42,491.645,179.272,566.474,1.65,20140907,"CARM"
"53",14,14,2014,7,"WSPG","STEERS",11,2,213.92,22,156.99,27.12,0,0,1.052,130.28,381.566,42.243,393.714,18.03,20140810,"CARM"
"54",14,14,2014,7,"CSPG","STEERS",11,2,213.92,22,28.37,52.84,0,0,1.052,130.28,231.293,167.034,252.686,1.57,20140723,"CARM"
"55",14,14,2014,7,"VUOC","STEERS",11,2,213.92,22,31.02,0.44,0,0,1.052,130.28,55.093,9.161,58.025,1.8,20140807,"CARM"
"56",14,14,2014,7,"FRB3","STEERS",11,2,213.92,22,25.19,2.24,0,0,1.052,130.28,115.884,60.983,119.907,0.68,20140818,"CARM"
"57",16,16,2014,7,"WSPG","STEERS",11,2,213.86,21,63.55,0.85,0,0,1.052,131.95,129.466,100.917,133.217,8.78,20140808,"CARM"
"58",16,16,2014,7,"CSPG","STEERS",11,2,213.86,21,225.73,13.03,0,0,1.052,131.95,1282.436,1241.444,1393.307,8.8,20141025,"CARM"
"59",16,16,2014,7,"VUOC","STEERS",11,2,213.86,21,1.66,0.06,0,0,1.052,131.95,18.195,3.62,18.679,0.25,20141111,"CARM"
"60",16,16,2014,7,"FRB3","STEERS",11,2,213.86,21,5.02,0.33,0,0,1.052,131.95,158.472,132.976,168.238,0.45,20140903,"CARM"
"61",17,17,2014,7,"WSPG","STEERS",11,2,213.89,18,153.29,2.74,0,0,1.052,122.77,263.666,220.018,292.151,20.73,20140827,"CARM"
"62",17,17,2014,7,"CSPG","STEERS",11,2,213.89,18,120.69,8.9,0,0,1.052,122.77,366.422,317.088,400.474,3.42,20140626,"CARM"
"63",17,17,2014,7,"VUOC","STEERS",11,2,213.89,18,7.1,0.07,0,0,1.052,122.77,24.92,3.045,26.154,0.6,20140620,"CARM"
"64",17,17,2014,7,"FRB3","STEERS",11,2,213.89,18,16.81,0.68,0,0,1.052,122.77,34.97,29.302,37.756,0.5,20140903,"CARM"
"65",18,18,2014,7,"WSPG","STEERS",11,2,214.09,15,207.68,1.12,0,0,1.052,127.17,709.769,592.675,775.356,28.66,20140821,"CARM"
"66",18,18,2014,7,"CSPG","STEERS",11,2,214.09,15,27.77,1.19,0,0,1.052,127.17,315.914,264.564,327.765,1.25,20140709,"CARM"
"67",18,18,2014,7,"VUOC","STEERS",11,2,214.09,15,1.75,0,0,0,1.052,127.17,20.115,2.538,21.11,0.3,20140708,"CARM"
"68",18,18,2014,7,"FRB3","STEERS",11,2,214.09,15,18.42,0.29,0,0,1.052,127.17,70.116,55.652,75.577,0.38,20140910,"CARM"
"69",18,18,2014,7,"ATCA","STEERS",11,2,214.09,15,6.82,0,0,0,1.052,127.17,1016.967,0,1016.968,1102.08,20140119,"CARM"
"70",19,19,2014,7,"WSPG","STEERS",11,2,213.8,26,160.56,1.63,0,0,1.052,128.71,430.247,97.653,443.231,16.92,20140723,"CARM"
"71",19,19,2014,7,"CSPG","STEERS",11,2,213.8,26,211.13,52.31,0,0,1.052,128.71,940.761,372.366,1099.062,4.61,20140723,"CARM"
"72",19,19,2014,7,"VUOC","STEERS",11,2,213.8,26,7.15,0.3,0,0,1.052,128.71,45.785,14.888,50.284,1.1,20140723,"CARM"
"73",19,19,2014,7,"FRB3","STEERS",11,2,213.8,26,24.58,0.43,0,0,1.052,128.71,155.899,123.953,158.37,0.67,20140813,"CARM"
"74",19,19,2014,7,"ATCA","STEERS",11,2,213.8,26,15.97,0,0,0,1.052,128.71,708.602,0,708.602,194.44,20140909,"CARM"
"75",20,20,2014,7,"WSPG","STEERS",11,2,213.91,16,25.58,1.57,0,0,1.052,128.56,146.69,114.374,150.759,10.59,20140810,"CARM"
"76",20,20,2014,7,"CSPG","STEERS",11,2,213.91,16,163.67,20.25,0,0,1.052,128.56,269.939,367.974,407.214,5.98,20141108,"CARM"
"77",20,20,2014,7,"VUOC","STEERS",11,2,213.91,16,4.35,0.63,0,0,1.052,128.56,33.155,6.959,34.153,0.87,20141107,"CARM"
"78",20,20,2014,7,"FRB3","STEERS",11,2,213.91,16,6.76,0.39,0,0,1.052,128.56,113.792,95.277,120.654,0.48,20140901,"CARM"
"79",1,1,2015,8,"WSPG","STEERS",1,1,21,142,125.52,13.71,0,0,1.267,133.06,50.657,29.822,51.802,21.76,20150629,"TRM"
"80",1,1,2015,8,"CSPG","STEERS",1,1,21,142,11.37,4.82,0,0,1.267,133.06,19.141,11.876,20.229,0.45,20150716,"TRM"
"81",1,1,2015,8,"VUOC","STEERS",1,1,21,142,15.86,1.84,0,0,1.267,133.06,27.351,12.669,28.071,2.9,20150114,"TRM"
"82",1,1,2015,8,"FRB3","STEERS",1,1,21,142,32.31,3.13,0,0,1.267,133.06,38.751,26.314,40.684,0.82,20150729,"TRM"
"83",1,1,2015,8,"ATCA","STEERS",1,1,21,142,1.43,0,0,0,1.267,133.06,359.88,0,359.88,54.17,20150629,"TRM"
"84",2,2,2015,8,"WSPG","STEERS",2,1,21,142,172.88,9.39,0,0,1.108,125.35,500.461,280.315,524.11,26.5,20150728,"TRM"
"85",2,2,2015,8,"CSPG","STEERS",2,1,21,142,24.03,6.35,0,0,1.108,125.35,169.181,131.09,183.316,0.8,20150723,"TRM"
"86",2,2,2015,8,"VUOC","STEERS",2,1,21,142,7.04,2.14,0,0,1.108,125.35,100.12,68.758,101.717,3.4,20150101,"TRM"
"87",2,2,2015,8,"FRB3","STEERS",2,1,21,142,12.42,1.97,0,0,1.108,125.35,138.447,102.039,146.375,0.4,20150824,"TRM"
"88",2,2,2015,8,"ATCA","STEERS",2,1,21,142,3.84,0,0,0,1.108,125.35,335.525,0,335.525,25,20150713,"TRM"
"89",3,3,2015,8,"WSPG","STEERS",3,1,21,142,153.5,7.52,0,0,1.081,126.08,386.149,198.741,403.388,17.95,20150727,"TRM"
"90",3,3,2015,8,"CSPG","STEERS",3,1,21,142,26.41,7.26,0,0,1.081,126.08,175.41,134.902,189.284,0.85,20150723,"TRM"
"91",3,3,2015,8,"VUOC","STEERS",3,1,21,142,11.37,3.02,0,0,1.081,126.08,141.764,97.738,144.355,4.88,20150101,"TRM"
"92",3,3,2015,8,"FRB3","STEERS",3,1,21,142,23.46,4.09,0,0,1.081,126.08,243.764,199.672,275.167,1.02,20150913,"TRM"
"93",4,4,2015,8,"WSPG","STEERS",4,1,21,142,188.82,11.97,0,0,1.106,127.63,459.892,231.367,481.109,27.01,20150727,"TRM"
"94",4,4,2015,8,"CSPG","STEERS",4,1,21,142,16.04,4.8,0,0,1.106,127.63,94.82,68.673,101.575,0.45,20150723,"TRM"
"95",4,4,2015,8,"VUOC","STEERS",4,1,21,142,3.9,1,0,0,1.106,127.63,38.864,22.235,39.748,0.88,20150112,"TRM"
"96",4,4,2015,8,"FRB3","STEERS",4,1,21,142,7.81,1.38,0,0,1.106,127.63,67.363,46.88,71.168,0.2,20150821,"TRM"
"97",5,5,2015,8,"WSPG","STEERS",5,1,24.99,142,141.02,8.43,0,0,1.075,145.69,278.396,129.922,296.468,18.6,20150727,"TRM"
"98",5,5,2015,8,"CSPG","STEERS",5,1,24.99,142,41.76,15.68,0,0,1.075,145.69,284.864,219.88,308.45,1.55,20150723,"TRM"
"99",5,5,2015,8,"VUOC","STEERS",5,1,24.99,142,2.85,0.5,0,0,1.075,145.69,26.248,11.102,26.938,0.5,20150112,"TRM"
"100",5,5,2015,8,"FRB3","STEERS",5,1,24.99,142,24.16,3.73,0,0,1.075,145.69,176.818,142.351,200.079,0.85,20150913,"TRM"
"101",5,5,2015,8,"ATCA","STEERS",5,1,24.99,142,5.66,0,0,0,1.075,145.69,1327.064,0,1327.064,570.83,20150711,"TRM"
"102",6,6,2015,8,"WSPG","STEERS",6,1,25,142,100.35,4.38,0,0,0.995,129.19,328.632,182.521,342.456,11.35,20150729,"TRM"
"103",6,6,2015,8,"CSPG","STEERS",6,1,25,142,96.36,43.05,0,0,0.995,129.19,1354.143,1156.417,1541.687,6.62,20150723,"TRM"
"104",6,6,2015,8,"VUOC","STEERS",6,1,25,142,0.97,0,0,0,0.995,129.19,13.652,1.266,14.298,0.1,20150728,"TRM"
"105",6,6,2015,8,"FRB3","STEERS",6,1,25,142,26.36,1.48,0,0,0.995,129.19,146.204,120.095,165.338,0.75,20150913,"TRM"
"106",6,6,2015,8,"ATCA","STEERS",6,1,25,142,3.46,0,0,0,0.995,129.19,1354.937,0,1354.937,583.33,20150710,"TRM"
"107",7,7,2015,8,"WSPG","STEERS",7,1,21,142,129.9,6.68,0,0,1.064,128.67,419.702,245.984,440.625,19.26,20150729,"TRM"
"108",7,7,2015,8,"CSPG","STEERS",7,1,21,142,53.46,21.87,0,0,1.064,128.67,612.144,515.543,686.988,3.05,20150723,"TRM"
"109",7,7,2015,8,"VUOC","STEERS",7,1,21,142,1.9,0.45,0,0,1.064,128.67,33.171,18.145,34.049,0.7,20150104,"TRM"
"110",7,7,2015,8,"FRB3","STEERS",7,1,21,142,16.4,1.76,0,0,1.064,128.67,153.535,117.853,164.923,0.63,20150901,"TRM"
"111",7,7,2015,8,"ATCA","STEERS",7,1,21,142,3.56,0,0,0,1.064,128.67,1195.776,0,1195.776,356.94,20150708,"TRM"
"112",8,8,2015,8,"WSPG","STEERS",8,1,23,142,145.62,7.66,0,0,1.067,126.23,433.625,244.221,453.8,19.38,20150728,"TRM"
"113",8,8,2015,8,"CSPG","STEERS",8,1,23,142,61.78,25.12,0,0,1.067,126.23,667.321,551.77,740.53,2.8,20150723,"TRM"
"114",8,8,2015,8,"VUOC","STEERS",8,1,23,142,1.48,0.07,0,0,1.067,126.23,15.922,3.955,16.719,0.17,20150723,"TRM"
"115",8,8,2015,8,"FRB3","STEERS",8,1,23,142,15.18,1.39,0,0,1.067,126.23,117.814,88.524,124.939,0.4,20150901,"TRM"
"116",8,8,2015,8,"ATCA","STEERS",8,1,23,142,4.8,0,0,0,1.067,126.23,1587.532,0,1587.532,1116.67,20150713,"TRM"
"117",9,9,2015,8,"WSPG","STEERS",9,1,23.01,142,126.65,6.19,0,0,1.041,128.63,408.524,233.44,424.834,16.85,20150730,"TRM"
"118",9,9,2015,8,"CSPG","STEERS",9,1,23.01,142,71.69,30.33,0,0,1.041,128.63,819.984,696.649,929.422,4.13,20150723,"TRM"
"119",9,9,2015,8,"VUOC","STEERS",9,1,23.01,142,2.3,0.59,0,0,1.041,128.63,42.132,26.612,43.112,1.07,20150105,"TRM"
"120",9,9,2015,8,"FRB3","STEERS",9,1,23.01,142,18.57,1.19,0,0,1.041,128.63,114.071,85.395,120.946,0.57,20150830,"TRM"
"121",9,9,2015,8,"ATCA","STEERS",9,1,23.01,142,0.71,0,0,0,1.041,128.63,141.681,0,141.681,5.56,20150629,"TRM"
"122",10,10,2015,8,"WSPG","STEERS",10,1,23,142,86.15,3.85,0,0,0.902,129.46,256.867,138.122,267.512,13.14,20150730,"TRM"
"123",10,10,2015,8,"CSPG","STEERS",10,1,23,142,93.62,44.51,0,0,0.902,129.46,1188.13,1025.4,1367.481,8.47,20150723,"TRM"
"124",10,10,2015,8,"VUOC","STEERS",10,1,23,142,1.65,0.31,0,0,0.902,129.46,26.95,12.572,27.725,0.52,20150109,"TRM"
"125",10,10,2015,8,"FRB3","STEERS",10,1,23,142,13.81,0.1,0,0,0.902,129.46,7.838,5.227,8.877,0.1,20150623,"TRM"
"126",10,10,2015,8,"ATCA","STEERS",10,1,23,142,1.29,0,0,0,0.902,129.46,258.371,0,258.371,27.78,20150706,"TRM"
"127",11,11,2015,8,"WSPG","STEERS",11,2,224.04,44,624.21,6.88,0,0,1.012,123,456.692,228.745,521.567,18.3,20150707,"CARM"
"128",11,11,2015,8,"CSPG","STEERS",11,2,224.04,44,98.9,16.26,0,0,1.012,123,280.455,149.899,310.164,1.18,20150707,"CARM"
"129",11,11,2015,8,"VUOC","STEERS",11,2,224.04,44,14.98,2.1,0,0,1.012,123,94.196,63.509,96.323,2.2,20150101,"CARM"
"130",11,11,2015,8,"FRB3","STEERS",11,2,224.04,44,76.67,2.93,0,0,1.012,123,156.499,157.047,176.297,0.9,20150711,"CARM"
"131",11,11,2015,8,"ATCA","STEERS",11,2,224.04,44,8.15,0,0,0,1.012,123,488.405,0,488.405,100,20150703,"CARM"
"132",12,12,2015,8,"WSPG","STEERS",11,2,224.1,42,246.3,78.89,0,0,1.012,125.72,796.149,318.52,873.531,29.13,20150730,"CARM"
"133",12,12,2015,8,"CSPG","STEERS",11,2,224.1,42,17.93,103.74,0,0,1.012,125.72,655.653,652.549,786.653,2.53,20150718,"CARM"
"134",12,12,2015,8,"VUOC","STEERS",11,2,224.1,42,16.78,0.92,0,0,1.012,125.72,47.775,28.386,48.962,0.95,20150101,"CARM"
"135",12,12,2015,8,"FRB3","STEERS",11,2,224.1,42,158.4,63.38,0,0,1.012,125.72,418.471,221.201,466.834,1.32,20150820,"CARM"
"136",12,12,2015,8,"ATCA","STEERS",11,2,224.1,42,3.78,0,0,0,1.012,125.72,253.462,0,253.462,8.33,20150809,"CARM"
"137",16,16,2015,8,"WSPG","STEERS",11,2,224.02,15,18.64,1.2,0,0,1.012,131.95,310.329,248.526,317.03,8.78,20150804,"CARM"
"138",16,16,2015,8,"CSPG","STEERS",11,2,224.02,15,159.9,24.48,0,0,1.012,131.95,941.677,938.498,1112.759,8.8,20150718,"CARM"
"139",16,16,2015,8,"VUOC","STEERS",11,2,224.02,15,0.9,0.17,0,0,1.012,131.95,18.195,5.594,18.679,0.25,20150101,"CARM"
"140",16,16,2015,8,"FRB3","STEERS",11,2,224.02,15,0.68,1.33,0,0,1.012,131.95,212.542,168.577,226.126,0.45,20150830,"CARM"
"141",19,19,2015,8,"WSPG","STEERS",11,2,223.84,41,239.45,5.58,0,0,1.012,128.71,159.06,137.297,176.776,16.92,20150828,"CARM"
"142",19,19,2015,8,"CSPG","STEERS",11,2,223.84,41,340.4,16.08,0,0,1.012,128.71,471.342,432.564,507.528,4.61,20150724,"CARM"
"143",19,19,2015,8,"VUOC","STEERS",11,2,223.84,41,12.07,1.46,0,0,1.012,128.71,35.277,19.252,36.054,1.1,20150101,"CARM"
"144",19,19,2015,8,"FRB3","STEERS",11,2,223.84,41,40.3,3.04,0,0,1.012,128.71,33.7,73.488,73.488,0.67,20150101,"CARM"
"145",1,1,2016,9,"WSPG","STEERS",1,1,22,142,51.46,4.2,0,0,0.761,133.06,13.866,14.724,21.264,21.76,20160509,"TRM"
"146",1,1,2016,9,"CSPG","STEERS",1,1,22,142,12.35,0.93,0,0,0.761,133.06,7.807,1.262,8.804,0.45,20160511,"TRM"
"147",1,1,2016,9,"VUOC","STEERS",1,1,22,142,24.64,0.48,0,0,0.761,133.06,23.008,2.418,25.247,2.9,20160513,"TRM"
"148",1,1,2016,9,"FRB3","STEERS",1,1,22,142,16.06,3.03,0,0,0.761,133.06,6.811,12.124,12.124,0.82,20160101,"TRM"
"149",1,1,2016,9,"ATCA","STEERS",1,1,22,142,6.15,0,0,0,0.761,133.06,335.855,0,335.855,54.17,20160101,"TRM"
"150",2,2,2016,9,"WSPG","STEERS",2,1,22,142,147.57,13.6,0,0,0.991,125.35,238.557,138.273,280.064,26.5,20160616,"TRM"
"151",2,2,2016,9,"CSPG","STEERS",2,1,22,142,22.61,7.53,0,0,0.991,125.35,88.361,60.106,95.768,0.8,20160715,"TRM"
"152",2,2,2016,9,"VUOC","STEERS",2,1,22,142,25.71,2.33,0,0,0.991,125.35,119.618,41.891,131.169,3.4,20160717,"TRM"
"153",2,2,2016,9,"FRB3","STEERS",2,1,22,142,8.17,2.7,0,0,0.991,125.35,27.725,69.76,69.76,0.4,20160101,"TRM"
"154",2,2,2016,9,"ATCA","STEERS",2,1,22,142,3.15,0,0,0,0.991,125.35,306.975,0,306.975,25,20160310,"TRM"
"155",3,3,2016,9,"WSPG","STEERS",3,1,22,142,122.86,8.47,0,0,0.958,126.08,185.535,95.231,215.813,17.95,20160616,"TRM"
"156",3,3,2016,9,"CSPG","STEERS",3,1,22,142,24.72,7.16,0,0,0.958,126.08,88.097,59.902,95.686,0.85,20160715,"TRM"
"157",3,3,2016,9,"VUOC","STEERS",3,1,22,142,36.08,3.39,0,0,0.958,126.08,178.743,63.15,196.431,4.88,20160717,"TRM"
"158",3,3,2016,9,"FRB3","STEERS",3,1,22,142,17.47,6.05,0,0,0.958,126.08,69.996,135.262,135.262,1.02,20160101,"TRM"
"159",4,4,2016,9,"WSPG","STEERS",4,1,22,142,173.34,20.47,0,0,1.094,127.63,251.849,147.677,280.021,27.01,20160818,"TRM"
"160",4,4,2016,9,"CSPG","STEERS",4,1,22,142,16.19,4.34,0,0,1.094,127.63,49.864,29.657,53.331,0.45,20160712,"TRM"
"161",4,4,2016,9,"VUOC","STEERS",4,1,22,142,9.64,0.98,0,0,1.094,127.63,38.189,13.548,41.933,0.88,20160715,"TRM"
"162",4,4,2016,9,"FRB3","STEERS",4,1,22,142,4.81,1.77,0,0,1.094,127.63,19.955,32.455,32.455,0.2,20160101,"TRM"
"163",5,5,2016,9,"WSPG","STEERS",5,1,26.02,142,141.86,13.37,0,0,1.056,145.69,203.566,116.685,225.887,18.6,20160818,"TRM"
"164",5,5,2016,9,"CSPG","STEERS",5,1,26.02,142,32.85,12.96,0,0,1.056,145.69,149.872,113.515,161.922,1.55,20160713,"TRM"
"165",5,5,2016,9,"VUOC","STEERS",5,1,26.02,142,6.24,0.44,0,0,1.056,145.69,28.322,6.935,30.37,0.5,20160716,"TRM"
"166",5,5,2016,9,"FRB3","STEERS",5,1,26.02,142,16.01,5.2,0,0,1.056,145.69,51.987,95.856,95.856,0.85,20160101,"TRM"
"167",5,5,2016,9,"ATCA","STEERS",5,1,26.02,142,7.48,0,0,0,1.056,145.69,1294.595,0,1294.595,570.83,20160110,"TRM"
"168",6,6,2016,9,"WSPG","STEERS",6,1,26,142,86.41,4.97,0,0,0.896,129.19,154.417,87.435,180.364,11.35,20160616,"TRM"
"169",6,6,2016,9,"CSPG","STEERS",6,1,26,142,99.24,48.47,0,0,0.896,129.19,749.902,628.37,862.539,6.62,20160715,"TRM"
"170",6,6,2016,9,"VUOC","STEERS",6,1,26,142,2.11,0.02,0,0,0.896,129.19,16.589,2.903,17.316,0.1,20160723,"TRM"
"171",6,6,2016,9,"FRB3","STEERS",6,1,26,142,19.87,2,0,0,0.896,129.19,37.375,82.273,82.273,0.75,20160101,"TRM"
"172",6,6,2016,9,"ATCA","STEERS",6,1,26,142,4.59,0,0,0,0.896,129.19,1327.097,0,1327.097,583.33,20160130,"TRM"
"173",7,7,2016,9,"WSPG","STEERS",7,1,22,142,111.97,9.12,0,0,0.939,128.67,198.094,120.49,234.814,19.26,20160616,"TRM"
"174",7,7,2016,9,"CSPG","STEERS",7,1,22,142,52.34,27.46,0,0,0.939,128.67,335.052,275.095,383.376,3.05,20160715,"TRM"
"175",7,7,2016,9,"VUOC","STEERS",7,1,22,142,5.27,0.52,0,0,0.939,128.67,32.296,11.271,35.346,0.7,20160717,"TRM"
"176",7,7,2016,9,"FRB3","STEERS",7,1,22,142,13.38,3.03,0,0,0.939,128.67,43.84,80.61,80.61,0.63,20160101,"TRM"
"177",7,7,2016,9,"ATCA","STEERS",7,1,22,142,5.56,0,0,0,0.939,128.67,1167.749,0,1167.749,356.94,20160101,"TRM"
"178",8,8,2016,9,"WSPG","STEERS",8,1,24,142,126.05,10.8,0,0,0.95,126.23,209.143,117.924,244.734,19.38,20160616,"TRM"
"179",8,8,2016,9,"CSPG","STEERS",8,1,24,142,60.13,33.74,0,0,0.95,126.23,383.041,305.927,429.267,2.8,20160715,"TRM"
"180",8,8,2016,9,"VUOC","STEERS",8,1,24,142,3.94,0.13,0,0,0.95,126.23,21.245,4.549,22.182,0.17,20160722,"TRM"
"181",8,8,2016,9,"FRB3","STEERS",8,1,24,142,11.79,2.1,0,0,0.95,126.23,31.538,60.679,60.679,0.4,20160101,"TRM"
"182",8,8,2016,9,"ATCA","STEERS",8,1,24,142,6.61,0,0,0,0.95,126.23,1557.17,0,1557.17,1116.67,20160102,"TRM"
"183",9,9,2016,9,"WSPG","STEERS",9,1,24,142,108.15,8.37,0,0,0.924,128.63,178.195,113.452,211.728,16.85,20160616,"TRM"
"184",9,9,2016,9,"CSPG","STEERS",9,1,24,142,72.29,39.14,0,0,0.924,128.63,429.292,352.565,496.028,4.13,20160715,"TRM"
"185",9,9,2016,9,"VUOC","STEERS",9,1,24,142,6.77,0.78,0,0,0.924,128.63,37.487,14.91,41.604,1.07,20160716,"TRM"
"186",9,9,2016,9,"FRB3","STEERS",9,1,24,142,11.84,1.49,0,0,0.924,128.63,21.423,58.727,58.727,0.57,20160101,"TRM"
"187",9,9,2016,9,"ATCA","STEERS",9,1,24,142,0.83,0,0,0,0.924,128.63,119.282,0,119.282,5.56,20160514,"TRM"
"188",10,10,2016,9,"WSPG","STEERS",10,1,24,142,71.66,3.7,0,0,0.784,129.46,116.737,65.111,137.054,13.14,20160616,"TRM"
"189",10,10,2016,9,"CSPG","STEERS",10,1,24,142,100.21,44.93,0,0,0.784,129.46,667.416,574.81,778.665,8.47,20160719,"TRM"
"190",10,10,2016,9,"VUOC","STEERS",10,1,24,142,3.35,0.29,0,0,0.784,129.46,26.062,7.661,28.189,0.52,20160718,"TRM"
"191",10,10,2016,9,"FRB3","STEERS",10,1,24,142,4.27,0.1,0,0,0.784,129.46,5.257,1.844,6.102,0.1,20160612,"TRM"
"192",10,10,2016,9,"ATCA","STEERS",10,1,24,142,1.02,0,0,0,0.784,129.46,234.636,0,234.636,27.78,20160101,"TRM"
"193",13,13,2016,9,"WSPG","STEERS",11,2,234.07,24,130.22,35.42,0,0,1.01,133.42,342.903,260.068,408.79,16.35,20160719,"CARM"
"194",13,13,2016,9,"CSPG","STEERS",11,2,234.07,24,10.44,43.76,0,0,1.01,133.42,186.525,170.915,223.666,1.2,20160716,"CARM"
"195",13,13,2016,9,"VUOC","STEERS",11,2,234.07,24,137.53,6.65,0,0,1.01,133.42,247.915,84.331,281.213,6.1,20160725,"CARM"
"196",13,13,2016,9,"FRB3","STEERS",11,2,234.07,24,62.69,26.78,0,0,1.01,133.42,139.086,254.554,254.554,1.65,20160101,"CARM"
"197",14,14,2016,9,"WSPG","STEERS",11,2,233.9,19,279.49,9.54,0,0,1.01,130.28,273.541,204.809,325.129,18.03,20160719,"CARM"
"198",14,14,2016,9,"CSPG","STEERS",11,2,233.9,19,34.24,12.92,0,0,1.01,130.28,117.448,84.534,141.523,1.57,20160717,"CARM"
"199",14,14,2016,9,"VUOC","STEERS",11,2,233.9,19,10.98,0.55,0,0,1.01,130.28,35.131,7.982,38.772,1.8,20160725,"CARM"
"200",14,14,2016,9,"FRB3","STEERS",11,2,233.9,19,6.39,1.28,0,0,1.01,130.28,30.079,58.531,58.531,0.68,20160101,"CARM"
"201",15,15,2016,9,"WSPG","STEERS",11,2,234.07,25,229.28,16.81,0,0,1.01,148.87,191.599,205.931,253.823,20.82,20160616,"CARM"
"202",15,15,2016,9,"CSPG","STEERS",11,2,234.07,25,54.91,10.96,0,0,1.01,148.87,110.984,96.137,140.771,1.77,20160630,"CARM"
"203",15,15,2016,9,"VUOC","STEERS",11,2,234.07,25,14.44,0.78,0,0,1.01,148.87,23.659,12.683,28.131,1.15,20160630,"CARM"
"204",15,15,2016,9,"FRB3","STEERS",11,2,234.07,25,48.42,4.9,0,0,1.01,148.87,40.626,109.744,109.744,1.25,20160101,"CARM"
"205",15,15,2016,9,"ATCA","STEERS",11,2,234.07,25,3.51,0,0,0,1.01,148.87,512.144,0,512.145,591.667,20160101,"CARM"
"206",16,16,2016,9,"WSPG","STEERS",11,2,233.95,14,27.73,18.76,0,0,1.01,131.95,188.065,131.139,220.308,8.78,20160721,"CARM"
"207",16,16,2016,9,"CSPG","STEERS",11,2,233.95,14,108.03,107.43,0,0,1.01,131.95,900.426,936.464,1114.515,8.8,20160718,"CARM"
"208",16,16,2016,9,"VUOC","STEERS",11,2,233.95,14,3.99,0,0,0,1.01,131.95,19.085,5.161,20.22,0.25,20160730,"CARM"
"209",16,16,2016,9,"FRB3","STEERS",11,2,233.95,14,4.56,4.99,0,0,1.01,131.95,43.115,107.975,107.975,0.45,20160101,"CARM"
"210",17,17,2016,9,"WSPG","STEERS",11,2,233.85,10,13.83,75.72,0,0,1.01,122.77,262.792,230.11,312.905,20.73,20160721,"CARM"
"211",17,17,2016,9,"CSPG","STEERS",11,2,233.85,10,28.95,73.27,0,0,1.01,122.77,253.254,282.535,338,3.42,20160717,"CARM"
"212",17,17,2016,9,"VUOC","STEERS",11,2,233.85,10,11.06,0.17,0,0,1.01,122.77,23.504,7.713,25.533,0.6,20160727,"CARM"
"213",17,17,2016,9,"FRB3","STEERS",11,2,233.85,10,3.17,8.32,0,0,1.01,122.77,24.656,56.706,56.706,0.5,20160101,"CARM"
"214",18,18,2016,9,"WSPG","STEERS",11,2,233.77,27,263.67,28.54,0,0,1.01,127.17,225.781,326.367,326.367,28.66,20160101,"CARM"
"215",18,18,2016,9,"CSPG","STEERS",11,2,233.77,27,70.76,11.94,0,0,1.01,127.17,94.356,152.296,162.183,1.25,20160101,"CARM"
"216",18,18,2016,9,"VUOC","STEERS",11,2,233.77,27,9.46,0.52,0,0,1.01,127.17,19.356,7.518,20.354,0.3,20160101,"CARM"
"217",18,18,2016,9,"FRB3","STEERS",11,2,233.77,27,7.44,5.38,0,0,1.01,127.17,27.671,80.548,80.548,0.38,20160101,"CARM"
"218",20,20,2016,9,"WSPG","STEERS",11,2,234.17,23,116.37,11.83,0,0,1.01,128.56,150.4,142.245,163.477,10.59,20160815,"CARM"
"219",20,20,2016,9,"CSPG","STEERS",11,2,234.17,23,193.21,34.44,0,0,1.01,128.56,242.763,329.54,387.009,5.98,20160607,"CARM"
"220",20,20,2016,9,"VUOC","STEERS",11,2,234.17,23,11.96,0.96,0,0,1.01,128.56,22.076,9.67,26.247,0.87,20160607,"CARM"
"221",20,20,2016,9,"FRB3","STEERS",11,2,234.17,23,4.92,4.03,0,0,1.01,128.56,6.873,62.419,62.419,0.48,20160101,"CARM"
"222",1,1,2017,10,"WSPG","STEERS",1,1,22.98,142,42.46,0.97,0,0,0.751,133.06,4.131,1.02,4.465,21.76,20170509,"TRM"
"223",1,1,2017,10,"CSPG","STEERS",1,1,22.98,142,17.06,0,0,0,0.751,133.06,3.705,0.49,4.173,0.45,20170510,"TRM"
"224",1,1,2017,10,"VUOC","STEERS",1,1,22.98,142,5.79,0,0,0,0.751,133.06,3.693,0.557,4.25,2.9,20170508,"TRM"
"225",1,1,2017,10,"FRB3","STEERS",1,1,22.98,142,16.81,0,0,0,0.751,133.06,2.218,1.154,3.216,0.82,20170509,"TRM"
"226",1,1,2017,10,"ATCA","STEERS",1,1,22.98,142,6.25,0,0,0,0.751,133.06,430.401,0,430.401,54.17,20171025,"TRM"
"227",2,2,2017,10,"WSPG","STEERS",2,1,23,142,190.02,11.67,0,0,1.175,125.35,321.679,213.728,356.321,26.5,20170824,"TRM"
"228",2,2,2017,10,"CSPG","STEERS",2,1,23,142,20.42,4.34,0,0,1.175,125.35,76.829,58.616,80.334,0.8,20170717,"TRM"
"229",2,2,2017,10,"VUOC","STEERS",2,1,23,142,9.85,2.75,0,0,1.175,125.35,91.586,56.498,93.078,3.4,20170101,"TRM"
"230",2,2,2017,10,"FRB3","STEERS",2,1,23,142,11.33,1.69,0,0,1.175,125.35,87.439,65.359,91.562,0.4,20170829,"TRM"
"231",2,2,2017,10,"ATCA","STEERS",2,1,23,142,2.68,0,0,0,1.175,125.35,367.75,0,367.75,25,20171025,"TRM"
"232",3,3,2017,10,"WSPG","STEERS",3,1,23.01,142,165.31,8.33,0,0,1.14,126.08,265.876,177.244,293.385,17.95,20170824,"TRM"
"233",3,3,2017,10,"CSPG","STEERS",3,1,23.01,142,24.81,4.34,0,0,1.14,126.08,81.65,61.978,85.192,0.85,20170717,"TRM"
"234",3,3,2017,10,"VUOC","STEERS",3,1,23.01,142,14.95,4.04,0,0,1.14,126.08,140.301,86.594,142.64,4.88,20170101,"TRM"
"235",3,3,2017,10,"FRB3","STEERS",3,1,23.01,142,23.19,3.32,0,0,1.14,126.08,176.923,139.898,189.459,1.02,20170903,"TRM"
"236",4,4,2017,10,"WSPG","STEERS",4,1,23,142,202.44,15.16,0,0,1.188,127.63,295.781,187.421,326.209,27.01,20170824,"TRM"
"237",4,4,2017,10,"CSPG","STEERS",4,1,23,142,13.83,3.41,0,0,1.188,127.63,45.852,33.633,46.871,0.45,20170701,"TRM"
"238",4,4,2017,10,"VUOC","STEERS",4,1,23,142,5.25,0.84,0,0,1.188,127.63,28.194,15.792,29.145,0.88,20170114,"TRM"
"239",4,4,2017,10,"FRB3","STEERS",4,1,23,142,7.47,1.4,0,0,1.188,127.63,52.232,37.156,54.734,0.2,20170828,"TRM"
"240",5,5,2017,10,"WSPG","STEERS",5,1,26.98,142,139.49,10.38,0,0,1.101,145.69,125.109,63.626,135.533,18.6,20170824,"TRM"
"241",5,5,2017,10,"CSPG","STEERS",5,1,26.98,142,39.72,13.51,0,0,1.101,145.69,116.698,82.43,120.824,1.55,20170626,"TRM"
"242",5,5,2017,10,"VUOC","STEERS",5,1,26.98,142,5.62,0.55,0,0,1.101,145.69,22.421,11.029,23.249,0.5,20170113,"TRM"
"243",5,5,2017,10,"FRB3","STEERS",5,1,26.98,142,25.12,3.29,0,0,1.101,145.69,59.246,38.46,65.275,0.85,20170903,"TRM"
"244",5,5,2017,10,"ATCA","STEERS",5,1,26.98,142,10.26,0,0,0,1.101,145.69,1270.848,0,1270.848,570.83,20171101,"TRM"
"245",6,6,2017,10,"WSPG","STEERS",6,1,27.03,142,89.69,4.24,0,0,1.011,129.19,190.533,127.312,208.149,11.35,20170824,"TRM"
"246",6,6,2017,10,"CSPG","STEERS",6,1,27.03,142,125.76,31.27,0,0,1.011,129.19,638.128,514.062,716.825,6.62,20170717,"TRM"
"247",6,6,2017,10,"VUOC","STEERS",6,1,27.03,142,1.56,0.04,0,0,1.011,129.19,14.581,3.684,15.078,0.1,20170113,"TRM"
"248",6,6,2017,10,"FRB3","STEERS",6,1,27.03,142,22.85,0.77,0,0,1.011,129.19,52.199,41.686,57.134,0.75,20170903,"TRM"
"249",6,6,2017,10,"ATCA","STEERS",6,1,27.03,142,5.49,0,0,0,1.011,129.19,1364.178,0,1364.178,583.33,20171101,"TRM"
"250",7,7,2017,10,"WSPG","STEERS",7,1,23.02,142,134.96,7.84,0,0,1.133,128.67,264.211,178.398,291.948,19.26,20170824,"TRM"
"251",7,7,2017,10,"CSPG","STEERS",7,1,23.02,142,60.69,16.26,0,0,1.133,128.67,277.101,224.7,309.405,3.05,20170717,"TRM"
"252",7,7,2017,10,"VUOC","STEERS",7,1,23.02,142,3.06,0.46,0,0,1.133,128.67,26.804,13.702,27.741,0.7,20170110,"TRM"
"253",7,7,2017,10,"FRB3","STEERS",7,1,23.02,142,15.88,1.36,0,0,1.133,128.67,74.125,59.75,81.886,0.63,20170903,"TRM"
"254",7,7,2017,10,"ATCA","STEERS",7,1,23.02,142,5.54,0,0,0,1.133,128.67,1194.142,0,1194.142,356.94,20171101,"TRM"
"255",8,8,2017,10,"WSPG","STEERS",8,1,25,142,161.82,11.17,0,0,1.082,126.23,276.437,175.686,305.751,19.38,20170824,"TRM"
"256",8,8,2017,10,"CSPG","STEERS",8,1,25,142,48.61,19.83,0,0,1.082,126.23,300.704,234.285,331.371,2.8,20170717,"TRM"
"257",8,8,2017,10,"VUOC","STEERS",8,1,25,142,2.48,0.17,0,0,1.082,126.23,17.04,6.453,17.684,0.17,20170112,"TRM"
"258",8,8,2017,10,"FRB3","STEERS",8,1,25,142,13.96,1.17,0,0,1.082,126.23,48.142,34.865,50.206,0.4,20170826,"TRM"
"259",8,8,2017,10,"ATCA","STEERS",8,1,25,142,8.18,0,0,0,1.082,126.23,1557.31,0,1557.31,1116.67,20171101,"TRM"
"260",9,9,2017,10,"WSPG","STEERS",9,1,24.98,142,121.08,5.35,0,0,1.149,128.63,262.617,181.783,288.716,16.85,20170824,"TRM"
"261",9,9,2017,10,"CSPG","STEERS",9,1,24.98,142,104.03,19.03,0,0,1.149,128.63,409.61,328.073,453.231,4.13,20170717,"TRM"
"262",9,9,2017,10,"VUOC","STEERS",9,1,24.98,142,2.99,0.56,0,0,1.149,128.63,30.346,16.951,31.32,1.07,20170110,"TRM"
"263",9,9,2017,10,"FRB3","STEERS",9,1,24.98,142,16.53,0.67,0,0,1.149,128.63,67.014,52.548,70.722,0.57,20170830,"TRM"
"264",9,9,2017,10,"ATCA","STEERS",9,1,24.98,142,0.79,0,0,0,1.149,128.63,125.523,0,125.523,5.56,20171020,"TRM"
"265",10,10,2017,10,"WSPG","STEERS",10,1,24.99,142,72.28,2.65,0,0,0.954,129.46,170.461,119.66,186.741,13.14,20170824,"TRM"
"266",10,10,2017,10,"CSPG","STEERS",10,1,24.99,142,139.91,24.6,0,0,0.954,129.46,594.289,493.01,700.811,8.47,20170828,"TRM"
"267",10,10,2017,10,"VUOC","STEERS",10,1,24.99,142,2.08,0.28,0,0,0.954,129.46,23.091,11.53,23.957,0.52,20170111,"TRM"
"268",10,10,2017,10,"FRB3","STEERS",10,1,24.99,142,7.32,0.07,0,0,0.954,129.46,9.756,6.617,10.771,0.1,20170830,"TRM"
"269",10,10,2017,10,"ATCA","STEERS",10,1,24.99,142,1.62,0,0,0,0.954,129.46,311.63,0,311.63,27.78,20171025,"TRM"
"270",11,11,2017,10,"WSPG","STEERS",11,2,244.05,20,219,7.38,0,0,0.918,123,267.826,263.387,352.15,18.3,20171029,"CARM"
"271",11,11,2017,10,"CSPG","STEERS",11,2,244.05,20,72.34,5.52,0,0,0.918,123,135.694,78.235,154.635,1.18,20170623,"CARM"
"272",11,11,2017,10,"VUOC","STEERS",11,2,244.05,20,22.76,5.37,0,0,0.918,123,77.841,48.58,80.316,2.2,20170101,"CARM"
"273",11,11,2017,10,"FRB3","STEERS",11,2,244.05,20,25.32,2.39,0,0,0.918,123,55.643,48.095,60.343,0.9,20170902,"CARM"
"274",12,12,2017,10,"WSPG","STEERS",11,2,244.12,7,94.79,1.58,0,0,0.918,125.72,392.779,220.988,437.906,29.13,20170713,"CARM"
"275",12,12,2017,10,"CSPG","STEERS",11,2,244.12,7,27.29,2.86,0,0,0.918,125.72,319.38,317.242,424.03,2.53,20171029,"CARM"
"276",12,12,2017,10,"VUOC","STEERS",11,2,244.12,7,1,0.25,0,0,0.918,125.72,36.973,21.161,37.971,0.95,20170101,"CARM"
"277",12,12,2017,10,"FRB3","STEERS",11,2,244.12,7,3.89,0.59,0,0,0.918,125.72,252.964,218.14,275.175,1.32,20170826,"CARM"
"278",12,12,2017,10,"ATCA","STEERS",11,2,244.12,7,2.05,0,0,0,0.918,125.72,291.895,0,291.895,8.33,20171020,"CARM"
"279",13,13,2017,10,"WSPG","STEERS",11,2,244.36,21,172.15,24.11,0,0,0.918,133.42,406.815,31.365,418.172,16.35,20170802,"CARM"
"280",13,13,2017,10,"CSPG","STEERS",11,2,244.36,21,18.16,44.52,0,0,0.918,133.42,175.989,128.387,190.894,1.2,20170809,"CARM"
"281",13,13,2017,10,"VUOC","STEERS",11,2,244.36,21,42.14,0.82,0,0,0.918,133.42,76.142,15.34,81.207,6.1,20170723,"CARM"
"282",13,13,2017,10,"FRB3","STEERS",11,2,244.36,21,72.46,2.94,0,0,0.918,133.42,274.643,164.292,282.696,1.65,20170809,"CARM"
"283",14,14,2017,10,"WSPG","STEERS",11,2,243.97,20,284.42,3.44,0,0,0.918,130.28,250.701,104.001,258.855,18.03,20170720,"CARM"
"284",14,14,2017,10,"CSPG","STEERS",11,2,243.97,20,35.27,15.47,0,0,0.918,130.28,100.91,35.621,106.631,1.57,20170715,"CARM"
"285",14,14,2017,10,"VUOC","STEERS",11,2,243.97,20,10.62,0.15,0,0,0.918,130.28,19.405,6.791,20.961,1.8,20170720,"CARM"
"286",14,14,2017,10,"FRB3","STEERS",11,2,243.97,20,22.05,0.5,0,0,0.918,130.28,29.265,16.246,32.24,0.68,20170717,"CARM"
"287",15,15,2017,10,"WSPG","STEERS",11,2,244.05,6,54.45,8.08,0,0,0.918,148.87,216.335,122.179,243.383,20.82,20170730,"CARM"
"288",15,15,2017,10,"CSPG","STEERS",11,2,244.05,6,23.54,6.32,0,0,0.918,148.87,93.698,82.887,130.614,1.77,20170830,"CARM"
"289",15,15,2017,10,"VUOC","STEERS",11,2,244.05,6,0.76,0,0,0,0.918,148.87,8.125,0.636,8.761,1.15,20170830,"CARM"
"290",15,15,2017,10,"FRB3","STEERS",11,2,244.05,6,9.73,1.7,0,0,0.918,148.87,115.565,81.423,125.452,1.25,20170827,"CARM"
"291",16,16,2017,10,"WSPG","STEERS",11,2,243.9,22,55.49,1.47,0,0,0.918,131.95,152.837,122.888,155.637,8.78,20170804,"CARM"
"292",16,16,2017,10,"CSPG","STEERS",11,2,243.9,22,244.22,17.76,0,0,0.918,131.95,480.131,612.668,786.682,8.8,20171117,"CARM"
"293",16,16,2017,10,"VUOC","STEERS",11,2,243.9,22,3.03,0,0,0,0.918,131.95,12.71,2.217,13.2,0.25,20170114,"CARM"
"294",16,16,2017,10,"FRB3","STEERS",11,2,243.9,22,3.2,0.49,0,0,0.918,131.95,150.62,127.072,160.07,0.45,20170827,"CARM"
"295",17,17,2017,10,"WSPG","STEERS",11,2,244.08,22,153.89,2.01,0,0,0.918,122.77,137.187,120.534,151.597,20.73,20170817,"CARM"
"296",17,17,2017,10,"CSPG","STEERS",11,2,244.08,22,157.26,8.5,0,0,0.918,122.77,132.019,152.17,197.425,3.42,20171117,"CARM"
"297",17,17,2017,10,"VUOC","STEERS",11,2,244.08,22,5.87,0,0,0,0.918,122.77,7.694,0.592,8.286,0.6,20170601,"CARM"
"298",17,17,2017,10,"FRB3","STEERS",11,2,244.08,22,11.66,0,0,0,0.918,122.77,29.221,22.241,31.358,0.5,20170827,"CARM"
"299",18,18,2017,10,"WSPG","STEERS",11,2,244.09,9,18.51,71.54,0,0,0.918,127.17,359.043,287.171,382.547,28.66,20170802,"CARM"
"300",18,18,2017,10,"CSPG","STEERS",11,2,244.09,9,43.05,24.94,0,0,0.918,127.17,139.297,129.07,198.441,1.25,20170831,"CARM"
"301",18,18,2017,10,"VUOC","STEERS",11,2,244.09,9,3.16,0,0,0,0.918,127.17,9.408,0.49,9.899,0.3,20170920,"CARM"
"302",18,18,2017,10,"FRB3","STEERS",11,2,244.09,9,11.58,16.04,0,0,0.918,127.17,97.314,50.616,104.911,0.38,20170826,"CARM"
"303",19,19,2017,10,"WSPG","STEERS",11,2,244.7,15,37.13,33.07,0,0,0.918,128.71,230.888,108.888,244.606,16.92,20170802,"CARM"
"304",19,19,2017,10,"CSPG","STEERS",11,2,244.7,15,117.52,71.07,0,0,0.918,128.71,383.181,397.016,600.154,4.61,20170830,"CARM"
"305",19,19,2017,10,"VUOC","STEERS",11,2,244.7,15,9.09,0.96,0,0,0.918,128.71,39.223,22.463,40.216,1.1,20170101,"CARM"
"306",19,19,2017,10,"FRB3","STEERS",11,2,244.7,15,25.04,14.2,0,0,0.918,128.71,120.973,28.864,130.897,0.67,20170827,"CARM"
"307",1,1,2018,11,"WSPG","STEERS",1,1,26,142,31.57,1.01,0,0,0.478,133.06,6.547,1.013,7.498,21.76,20180509,"TRM"
"308",1,1,2018,11,"CSPG","STEERS",1,1,26,142,10.01,0,0,0,0.478,133.06,4.015,0.614,4.342,0.45,20180511,"TRM"
"309",1,1,2018,11,"VUOC","STEERS",1,1,26,142,14.05,0,0,0,0.478,133.06,10.022,0.277,10.299,2.9,20180511,"TRM"
"310",1,1,2018,11,"FRB3","STEERS",1,1,26,142,9.82,0,0,0,0.478,133.06,1.552,1,2.346,0.82,20180621,"TRM"
"311",1,1,2018,11,"ATCA","STEERS",1,1,26,142,6.92,0,0,0,0.478,133.06,436.851,0,436.851,54.17,20180608,"TRM"
"312",2,2,2018,11,"WSPG","STEERS",2,1,26,142,180.51,19.77,0,0,0.994,125.35,223.045,128.041,248.807,26.5,20180816,"TRM"
"313",2,2,2018,11,"CSPG","STEERS",2,1,26,142,19.2,6.9,0,0,0.994,125.35,71.403,50.203,74.927,0.8,20180708,"TRM"
"314",2,2,2018,11,"VUOC","STEERS",2,1,26,142,19.95,2.05,0,0,0.994,125.35,70.583,34.645,76.715,3.4,20180714,"TRM"
"315",2,2,2018,11,"FRB3","STEERS",2,1,26,142,11.06,3.39,0,0,0.994,125.35,35.605,37.791,39.227,0.4,20180816,"TRM"
"316",2,2,2018,11,"ATCA","STEERS",2,1,26,142,5.15,0,0,0,0.994,125.35,420.92,0,420.92,25,20180604,"TRM"
"317",3,3,2018,11,"WSPG","STEERS",3,1,26,142,160.47,14.49,0,0,0.983,126.08,218.777,130.098,241.944,17.95,20180816,"TRM"
"318",3,3,2018,11,"CSPG","STEERS",3,1,26,142,24.6,6.95,0,0,0.983,126.08,89.745,62.075,94.229,0.85,20180707,"TRM"
"319",3,3,2018,11,"VUOC","STEERS",3,1,26,142,26.99,3.1,0,0,0.983,126.08,115.46,60.69,127.098,4.88,20180714,"TRM"
"320",3,3,2018,11,"FRB3","STEERS",3,1,26,142,21.46,6.06,0,0,0.983,126.08,86.729,79.767,94.952,1.02,20180816,"TRM"
"321",4,4,2018,11,"WSPG","STEERS",4,1,27,142,208.44,37.38,0,0,1.078,127.63,222.368,118.076,246.11,27.01,20180816,"TRM"
"322",4,4,2018,11,"CSPG","STEERS",4,1,27,142,13.88,7.41,0,0,1.078,127.63,46.205,30.274,47.57,0.45,20180706,"TRM"
"323",4,4,2018,11,"VUOC","STEERS",4,1,27,142,14.47,0.44,0,0,1.078,127.63,29.922,10.031,30.932,0.88,20180714,"TRM"
"324",4,4,2018,11,"FRB3","STEERS",4,1,27,142,8.39,5,0,0,1.078,127.63,25.796,21.669,27.687,0.2,20180815,"TRM"
"325",5,5,2018,11,"WSPG","STEERS",5,1,31,142,98.5,16.31,0,0,0.846,145.69,69.316,28.197,73.948,18.6,20180607,"TRM"
"326",5,5,2018,11,"CSPG","STEERS",5,1,31,142,38.26,28,0,0,0.846,145.69,95.99,50.746,98.845,1.55,20180627,"TRM"
"327",5,5,2018,11,"VUOC","STEERS",5,1,31,142,17.32,0.08,0,0,0.846,145.69,21.903,3.499,22.623,0.5,20180715,"TRM"
"328",5,5,2018,11,"FRB3","STEERS",5,1,31,142,26.67,7.79,0,0,0.846,145.69,30.236,22.944,33.221,0.85,20180826,"TRM"
"329",5,5,2018,11,"ATCA","STEERS",5,1,31,142,4.39,0,0,0,0.846,145.69,1270.437,0,1270.437,570.83,20180102,"TRM"
"330",6,6,2018,11,"WSPG","STEERS",6,1,31,142,103.49,14.55,0,0,0.887,129.19,168.912,98.525,186.627,11.35,20180816,"TRM"
"331",6,6,2018,11,"CSPG","STEERS",6,1,31,142,98.61,65.53,0,0,0.887,129.19,603.978,473.626,685.668,6.62,20180706,"TRM"
"332",6,6,2018,11,"VUOC","STEERS",6,1,31,142,3.47,0.02,0,0,0.887,129.19,14.577,3.249,15.209,0.1,20180726,"TRM"
"333",6,6,2018,11,"FRB3","STEERS",6,1,31,142,22.31,2.42,0,0,0.887,129.19,30.673,25.042,35.785,0.75,20180612,"TRM"
"334",6,6,2018,11,"ATCA","STEERS",6,1,31,142,8.62,0,0,0,0.887,129.19,1363.768,0,1363.768,583.33,20180102,"TRM"
"335",7,7,2018,11,"WSPG","STEERS",7,1,26,142,133.06,14.54,0,0,0.935,128.67,199.766,118.237,221.862,19.26,20180816,"TRM"
"336",7,7,2018,11,"CSPG","STEERS",7,1,26,142,52.23,26.08,0,0,0.935,128.67,263.136,205.004,295.684,3.05,20180707,"TRM"
"337",7,7,2018,11,"VUOC","STEERS",7,1,26,142,6.1,0.3,0,0,0.935,128.67,27.052,10.842,28.287,0.7,20180717,"TRM"
"338",7,7,2018,11,"FRB3","STEERS",7,1,26,142,14.19,2.68,0,0,0.935,128.67,35.952,34.845,39.562,0.63,20180815,"TRM"
"339",7,7,2018,11,"ATCA","STEERS",7,1,26,142,8.89,0,0,0,0.935,128.67,1193.732,0,1193.732,356.94,20180111,"TRM"
"340",8,8,2018,11,"WSPG","STEERS",8,1,29,142,158.16,26.35,0,0,0.97,126.23,199.498,108.82,221.264,19.38,20180816,"TRM"
"341",8,8,2018,11,"CSPG","STEERS",8,1,29,142,56.36,38.45,0,0,0.97,126.23,266.288,194.07,291.248,2.8,20180706,"TRM"
"342",8,8,2018,11,"VUOC","STEERS",8,1,29,142,6.62,0.05,0,0,0.97,126.23,18.242,3.467,18.934,0.17,20180718,"TRM"
"343",8,8,2018,11,"FRB3","STEERS",8,1,29,142,14.19,3.11,0,0,0.97,126.23,24.667,20.519,28.553,0.4,20180612,"TRM"
"344",8,8,2018,11,"ATCA","STEERS",8,1,29,142,11.85,0,0,0,0.97,126.23,1556.901,0,1556.901,1116.67,20180210,"TRM"
"345",9,9,2018,11,"WSPG","STEERS",9,1,29,142,127.26,18.18,0,0,0.931,128.63,201.07,120.095,222.299,16.85,20180816,"TRM"
"346",9,9,2018,11,"CSPG","STEERS",9,1,29,142,77.77,49.72,0,0,0.931,128.63,421.282,335.123,480.303,4.13,20180708,"TRM"
"347",9,9,2018,11,"VUOC","STEERS",9,1,29,142,7.81,0.3,0,0,0.931,128.63,31.045,12.206,32.454,1.07,20180717,"TRM"
"348",9,9,2018,11,"FRB3","STEERS",9,1,29,142,16.06,2.56,0,0,0.931,128.63,27.608,30.876,33.931,0.57,20180612,"TRM"
"349",9,9,2018,11,"ATCA","STEERS",9,1,29,142,1.52,0,0,0,0.931,128.63,148.095,0,148.095,5.56,20180613,"TRM"
"350",10,10,2018,11,"WSPG","STEERS",10,1,29,142,81.97,7.51,0,0,0.699,129.46,133.873,81.732,147.948,13.14,20180816,"TRM"
"351",10,10,2018,11,"CSPG","STEERS",10,1,29,142,98.7,54.48,0,0,0.699,129.46,569.493,481.343,675.747,8.47,20180709,"TRM"
"352",10,10,2018,11,"VUOC","STEERS",10,1,29,142,4.71,0.22,0,0,0.699,129.46,25.813,10.079,26.878,0.52,20180718,"TRM"
"353",10,10,2018,11,"FRB3","STEERS",10,1,29,142,6.33,0.32,0,0,0.699,129.46,7.962,5.168,9.052,0.1,20180610,"TRM"
"354",10,10,2018,11,"ATCA","STEERS",10,1,29,142,3.29,0,0,0,0.699,129.46,352.433,0,352.433,27.78,20180604,"TRM"
"355",11,11,2018,11,"WSPG","STEERS",11,2,280.18,16,136.99,23.58,0,0,0.647,123,296.163,255.025,351.064,18.3,20180719,"CARM"
"356",11,11,2018,11,"CSPG","STEERS",11,2,280.18,16,35,27.72,0,0,0.647,123,149.826,74.442,161.232,1.18,20180714,"CARM"
"357",11,11,2018,11,"VUOC","STEERS",11,2,280.18,16,26.23,0,0,0,0.647,123,46.285,0.271,46.556,2.2,20180801,"CARM"
"358",11,11,2018,11,"FRB3","STEERS",11,2,280.18,16,18,0.5,0,0,0.647,123,79.892,58.351,85.899,0.9,20180801,"CARM"
"359",11,11,2018,11,"ATCA","STEERS",11,2,280.18,16,2.63,0,0,0,0.647,123,473.946,0,473.946,100,20180612,"CARM"
"360",13,13,2018,11,"WSPG","STEERS",11,2,279.71,13,144.27,0.91,0,0,0.647,133.42,395.527,338.867,409.769,16.35,20180810,"CARM"
"361",13,13,2018,11,"CSPG","STEERS",11,2,279.71,13,62.34,7.13,0,0,0.647,133.42,205.673,53.652,214.02,1.2,20180714,"CARM"
"362",13,13,2018,11,"VUOC","STEERS",11,2,279.71,13,20.42,0.23,0,0,0.647,133.42,144.825,5.357,147.398,6.1,20180719,"CARM"
"363",13,13,2018,11,"FRB3","STEERS",11,2,279.71,13,19.73,1.53,0,0,0.647,133.42,161.139,145.14,181.481,1.65,20180821,"CARM"
"364",14,14,2018,11,"WSPG","STEERS",11,2,280.17,21,178.45,8.35,0,0,0.647,130.28,153.999,53.05,167.161,18.03,20180628,"CARM"
"365",14,14,2018,11,"CSPG","STEERS",11,2,280.17,21,57.08,3.8,0,0,0.647,130.28,107.531,31.369,116.671,1.57,20180628,"CARM"
"366",14,14,2018,11,"VUOC","STEERS",11,2,280.17,21,12.08,0,0,0,0.647,130.28,19.216,0.411,19.627,1.8,20180628,"CARM"
"367",14,14,2018,11,"FRB3","STEERS",11,2,280.17,21,10.37,0.42,0,0,0.647,130.28,19.46,12.726,21.965,0.68,20180626,"CARM"
"368",15,15,2018,11,"WSPG","STEERS",11,2,279.83,20,163.71,3.55,0,0,0.647,148.87,160.029,144.653,176.536,20.82,20180815,"CARM"
"369",15,15,2018,11,"CSPG","STEERS",11,2,279.83,20,43.5,4.21,0,0,0.647,148.87,69.46,26.283,79.834,1.77,20180610,"CARM"
"370",15,15,2018,11,"VUOC","STEERS",11,2,279.83,20,9.37,0,0,0,0.647,148.87,14.197,0.481,14.678,1.15,20180608,"CARM"
"371",15,15,2018,11,"FRB3","STEERS",11,2,279.83,20,15.69,3.49,0,0,0.647,148.87,27.825,44.288,44.288,1.25,20180101,"CARM"
"372",16,16,2018,11,"WSPG","STEERS",11,2,280.15,15,53.86,1.4,0,0,0.647,131.95,57.481,61.605,75.196,8.78,20180525,"CARM"
"373",16,16,2018,11,"CSPG","STEERS",11,2,280.15,15,180.52,17.98,0,0,0.647,131.95,368.193,598.653,613.024,8.8,20180101,"CARM"
"374",16,16,2018,11,"VUOC","STEERS",11,2,280.15,15,1.15,0.01,0,0,0.647,131.95,12.291,3.153,12.715,0.25,20181109,"CARM"
"375",16,16,2018,11,"FRB3","STEERS",11,2,280.15,15,7.56,1.53,0,0,0.647,131.95,46.222,72.035,72.035,0.45,20180101,"CARM"
"376",17,17,2018,11,"WSPG","STEERS",11,2,280.3,14,39.09,39.72,0,0,0.647,122.77,184.738,92.255,197.575,20.73,20180721,"CARM"
"377",17,17,2018,11,"CSPG","STEERS",11,2,280.3,14,9.21,73.28,0,0,0.647,122.77,207.053,216.692,260.451,3.42,20180714,"CARM"
"378",17,17,2018,11,"VUOC","STEERS",11,2,280.3,14,4.67,0,0,0,0.647,122.77,7.702,0.171,7.873,0.6,20180831,"CARM"
"379",17,17,2018,11,"FRB3","STEERS",11,2,280.3,14,11.31,7.37,0,0,0.647,122.77,36.362,14.549,40.828,0.5,20180817,"CARM"
"380",18,18,2018,11,"WSPG","STEERS",11,2,280.11,14,130.59,40.93,0,0,0.647,127.17,382.166,72.681,393.34,28.66,20180721,"CARM"
"381",18,18,2018,11,"CSPG","STEERS",11,2,280.11,14,5.22,45.04,0,0,0.647,127.17,169.423,149.366,178.053,1.25,20180714,"CARM"
"382",18,18,2018,11,"VUOC","STEERS",11,2,280.11,14,6.21,0,0,0,0.647,127.17,10,0.3,10.3,0.3,20180817,"CARM"
"383",18,18,2018,11,"FRB3","STEERS",11,2,280.11,14,21.84,4.19,0,0,0.647,127.17,50.878,12.749,55.932,0.38,20180817,"CARM"
"384",18,18,2018,11,"ATCA","STEERS",11,2,280.11,14,2,0,0,0,0.647,127.17,788.452,0,788.452,1102.08,20180625,"CARM"
"385",19,19,2018,11,"WSPG","STEERS",11,2,279.8,16,15.76,63.8,0,0,0.647,128.71,256.901,196.933,261.963,16.92,20180722,"CARM"
"386",19,19,2018,11,"CSPG","STEERS",11,2,279.8,16,19.68,121.15,0,0,0.647,128.71,480.982,453.002,538.418,4.61,20180714,"CARM"
"387",19,19,2018,11,"VUOC","STEERS",11,2,279.8,16,14.93,0,0,0,0.647,128.71,26.238,3.089,27.235,1.1,20180914,"CARM"
"388",19,19,2018,11,"FRB3","STEERS",11,2,279.8,16,7.14,24.01,0,0,0.647,128.71,75.569,45.637,86.117,0.67,20180821,"CARM"
"389",19,19,2018,11,"ATCA","STEERS",11,2,279.8,16,1.44,0,0,0,0.647,128.71,701.566,0,701.566,194.44,20180110,"CARM"
"390",20,20,2018,11,"WSPG","STEERS",11,2,280.09,13,32.84,5.79,0,0,0.647,128.56,111.467,92.384,112.882,10.59,20180724,"CARM"
"391",20,20,2018,11,"CSPG","STEERS",11,2,280.09,13,114.73,50.16,0,0,0.647,128.56,121.384,376.404,386.139,5.98,20180109,"CARM"
"392",20,20,2018,11,"VUOC","STEERS",11,2,280.09,13,8.38,0.12,0,0,0.647,128.56,16.153,3.709,16.681,0.87,20181107,"CARM"
"393",20,20,2018,11,"FRB3","STEERS",11,2,280.09,13,3.97,4.34,0,0,0.647,128.56,39.147,41.889,41.889,0.48,20180101,"CARM"
